{"acc": 0.947562503219949, "loss": 0.12977249753421569, "_timestamp": 1699305022.045107, "_runtime": 0.8127779960632324, "_step": 7, "_wandb": {"runtime": 0}}